""	"p_val"	"avg_log2FC"	"pct.1"	"pct.2"	"p_val_adj"
"Cd8b1"	0	1.00989441038132	0.999	0.758	0
"Ly6d"	0	1.19031789330581	0.818	0.474	0
"Tubb2b"	6.43327524241784e-222	1.04923100400852	0.495	0.264	2.16775642568511e-217
