""	"p_val"	"avg_log2FC"	"pct.1"	"pct.2"	"p_val_adj"
"Rag1"	0	1.30725138764723	0.981	0.668	0
"Arl5c"	0	1.04822079231554	0.884	0.575	0
