""	"p_val"	"avg_log2FC"	"pct.1"	"pct.2"	"p_val_adj"
"Gphn"	1.81808487530412e-137	1.1027594910747	0.948	0.912	6.12621879582478e-133
